game_id,year,week,owner_1,score_1,result_1,owner_2,score_2,result_2,season,round
1,2012,1,DG,97,L,WF,137,W,Regular Season,Regular Season
2,2012,1,LB,94,L,OB,104,W,Regular Season,Regular Season
3,2012,1,ML,92,L,NN,98,W,Regular Season,Regular Season
4,2012,1,PD,98,L,DK,123,W,Regular Season,Regular Season
5,2012,1,CN,89,W,CD,60,L,Regular Season,Regular Season
6,2012,2,PD,107,W,LB,97,L,Regular Season,Regular Season
7,2012,2,WF,97,L,DK,143,W,Regular Season,Regular Season
8,2012,2,CN,77,L,NN,136,W,Regular Season,Regular Season
9,2012,2,ML,79,L,OB,109,W,Regular Season,Regular Season
10,2012,2,DG,72,L,CD,75,W,Regular Season,Regular Season
11,2012,3,CD,75,L,ML,120,W,Regular Season,Regular Season
12,2012,3,PD,97,W,DG,75,L,Regular Season,Regular Season
13,2012,3,OB,100,L,NN,106,W,Regular Season,Regular Season
14,2012,3,WF,129,W,CN,67,L,Regular Season,Regular Season
15,2012,3,DK,78,L,LB,88,W,Regular Season,Regular Season
16,2012,4,DG,97,W,LB,77,L,Regular Season,Regular Season
17,2012,4,CD,102,L,OB,108,W,Regular Season,Regular Season
18,2012,4,CN,85,L,ML,148,W,Regular Season,Regular Season
19,2012,4,WF,132,W,PD,102,L,Regular Season,Regular Season
20,2012,4,DK,127,W,NN,117,L,Regular Season,Regular Season
21,2012,5,LB,66,L,WF,141,W,Regular Season,Regular Season
22,2012,5,NN,78,T,CD,78,T,Regular Season,Regular Season
23,2012,5,DG,77,L,DK,109,W,Regular Season,Regular Season
24,2012,5,ML,159,W,PD,86,L,Regular Season,Regular Season
25,2012,5,CN,56,L,OB,104,W,Regular Season,Regular Season
26,2012,6,CD,101,L,WF,104,W,Regular Season,Regular Season
27,2012,6,OB,78,L,DG,95,W,Regular Season,Regular Season
28,2012,6,PD,77,L,NN,96,W,Regular Season,Regular Season
29,2012,6,DK,77,L,CN,103,W,Regular Season,Regular Season
30,2012,6,ML,106,W,LB,77,L,Regular Season,Regular Season
31,2012,7,ML,75,L,DG,84,W,Regular Season,Regular Season
32,2012,7,DK,104,L,CD,114,W,Regular Season,Regular Season
33,2012,7,CN,113,W,PD,89,L,Regular Season,Regular Season
34,2012,7,WF,93,W,OB,26,L,Regular Season,Regular Season
35,2012,7,NN,107,W,LB,46,L,Regular Season,Regular Season
36,2012,8,NN,114,W,DG,90,L,Regular Season,Regular Season
37,2012,8,LB,70,W,CN,53,L,Regular Season,Regular Season
38,2012,8,ML,68,L,WF,132,W,Regular Season,Regular Season
39,2012,8,OB,98,L,DK,99,W,Regular Season,Regular Season
40,2012,8,PD,55,L,CD,68,W,Regular Season,Regular Season
41,2012,9,DG,82,W,CN,70,L,Regular Season,Regular Season
42,2012,9,WF,94,L,NN,101,W,Regular Season,Regular Season
43,2012,9,CD,106,L,LB,110,W,Regular Season,Regular Season
44,2012,9,ML,128,W,DK,88,L,Regular Season,Regular Season
45,2012,9,PD,50,L,OB,99,W,Regular Season,Regular Season
46,2012,10,WF,117,W,DK,101,L,Regular Season,Regular Season
47,2012,10,CN,121,W,NN,86,L,Regular Season,Regular Season
48,2012,10,LB,95,L,PD,99,W,Regular Season,Regular Season
49,2012,10,OB,110,W,ML,56,L,Regular Season,Regular Season
50,2012,10,CD,104,W,DG,64,L,Regular Season,Regular Season
51,2012,11,LB,81,L,DG,109,W,Regular Season,Regular Season
52,2012,11,ML,59,L,CN,70,W,Regular Season,Regular Season
53,2012,11,PD,59,L,WF,90,W,Regular Season,Regular Season
54,2012,11,DK,102,L,NN,112,W,Regular Season,Regular Season
55,2012,11,CD,108,W,OB,71,L,Regular Season,Regular Season
56,2012,12,ML,89,W,PD,61,L,Regular Season,Regular Season
57,2012,12,DK,105,W,DG,103,L,Regular Season,Regular Season
58,2012,12,WF,114,W,LB,87,L,Regular Season,Regular Season
59,2012,12,CN,89,L,OB,118,W,Regular Season,Regular Season
60,2012,12,NN,76,L,CD,103,W,Regular Season,Regular Season
61,2012,13,LB,75,L,OB,101,W,Regular Season,Regular Season
62,2012,13,NN,69,L,ML,106,W,Regular Season,Regular Season
63,2012,13,CD,120,W,CN,73,L,Regular Season,Regular Season
64,2012,13,DG,101,L,WF,102,W,Regular Season,Regular Season
65,2012,13,PD,61,L,DK,140,W,Regular Season,Regular Season
66,2012,14,DK,78,L,CD,164,W,Post Season,Wildcard
67,2012,14,ML,95,L,OB,113,W,Post Season,Wildcard
68,2012,14,PD,71,L,DG,97,W,Post Season,B4 Playoffs
69,2012,14,CN,71,L,LB,83,W,Post Season,B4 Playoffs
70,2012,15,CD,134,W,WF,80,L,Post Season,Semifinal
71,2012,15,OB,104,W,NN,72,L,Post Season,Semifinal
72,2012,15,ML,129,W,DK,105,L,Post Season,Consolation
73,2012,15,LB,88,L,DG,105,W,Post Season,B4 Playoffs
74,2012,15,PD,110,W,CN,64,L,Post Season,B4 Playoffs
75,2012,16,CD,147,W,OB,113,L,Post Season,Championship
76,2012,16,NN,98,L,WF,116,W,Post Season,3rd Place
77,2012,16,ML,116,L,DK,119,W,Post Season,Consolation
78,2012,16,PD,83,W,LB,77,L,Post Season,B4 Playoffs
79,2012,16,DG,92,W,CN,65,L,Post Season,B4 Playoffs
80,2013,1,NN,94,L,WF,106,W,Regular Season,Regular Season
81,2013,1,CD,138,W,OB,109,L,Regular Season,Regular Season
82,2013,1,ML,106,W,LB,74,L,Regular Season,Regular Season
83,2013,1,DG,93,L,DK,109,W,Regular Season,Regular Season
84,2013,1,CN,100,L,RW,162,W,Regular Season,Regular Season
85,2013,2,DG,84,L,LB,121,W,Regular Season,Regular Season
86,2013,2,WF,94,L,RW,111,W,Regular Season,Regular Season
87,2013,2,CN,93,W,CD,90,L,Regular Season,Regular Season
88,2013,2,NN,101,L,OB,129,W,Regular Season,Regular Season
89,2013,2,ML,136,W,DK,83,L,Regular Season,Regular Season
90,2013,3,DG,110,W,ML,101,L,Regular Season,Regular Season
91,2013,3,NN,102,L,DK,124,W,Regular Season,Regular Season
92,2013,3,CD,73,L,LB,83,W,Regular Season,Regular Season
93,2013,3,WF,118,W,CN,86,L,Regular Season,Regular Season
94,2013,3,OB,78,L,RW,83,W,Regular Season,Regular Season
95,2013,4,DG,80,L,WF,106,W,Regular Season,Regular Season
96,2013,4,ML,111,W,OB,85,L,Regular Season,Regular Season
97,2013,4,CN,55,L,LB,117,W,Regular Season,Regular Season
98,2013,4,DK,138,L,RW,155,W,Regular Season,Regular Season
99,2013,4,CD,124,W,NN,76,L,Regular Season,Regular Season
100,2013,5,LB,98,W,OB,65,L,Regular Season,Regular Season
101,2013,5,NN,124,W,DG,104,L,Regular Season,Regular Season
102,2013,5,WF,123,W,CD,102,L,Regular Season,Regular Season
103,2013,5,ML,114,W,RW,103,L,Regular Season,Regular Season
104,2013,5,CN,80,L,DK,101,W,Regular Season,Regular Season
105,2013,6,ML,79,L,WF,87,W,Regular Season,Regular Season
106,2013,6,CN,95,L,NN,117,W,Regular Season,Regular Season
107,2013,6,RW,85,L,LB,98,W,Regular Season,Regular Season
108,2013,6,DK,84,W,OB,68,L,Regular Season,Regular Season
109,2013,6,CD,121,W,DG,85,L,Regular Season,Regular Season
110,2013,7,OB,84,L,DG,113,W,Regular Season,Regular Season
111,2013,7,DK,98,W,WF,53,L,Regular Season,Regular Season
112,2013,7,CN,102,W,ML,97,L,Regular Season,Regular Season
113,2013,7,CD,77,L,RW,91,W,Regular Season,Regular Season
114,2013,7,NN,65,L,LB,108,W,Regular Season,Regular Season
115,2013,8,NN,113,L,ML,143,W,Regular Season,Regular Season
116,2013,8,LB,71,L,WF,98,W,Regular Season,Regular Season
117,2013,8,CD,94,W,DK,89,L,Regular Season,Regular Season
118,2013,8,OB,55,L,CN,112,W,Regular Season,Regular Season
119,2013,8,RW,70,L,DG,111,W,Regular Season,Regular Season
120,2013,9,DG,157,W,CN,69,L,Regular Season,Regular Season
121,2013,9,WF,125,W,OB,115,L,Regular Season,Regular Season
122,2013,9,DK,120,W,LB,87,L,Regular Season,Regular Season
123,2013,9,ML,77,L,CD,116,W,Regular Season,Regular Season
124,2013,9,RW,117,W,NN,110,L,Regular Season,Regular Season
125,2013,10,WF,62,L,CD,120,W,Regular Season,Regular Season
126,2013,10,CN,93,L,RW,114,W,Regular Season,Regular Season
127,2013,10,LB,68,L,ML,98,W,Regular Season,Regular Season
128,2013,10,OB,53,L,DK,96,W,Regular Season,Regular Season
129,2013,10,NN,44,L,DG,113,W,Regular Season,Regular Season
130,2013,11,DK,96,L,DG,130,W,Regular Season,Regular Season
131,2013,11,LB,92,L,CN,100,W,Regular Season,Regular Season
132,2013,11,RW,81,W,WF,68,L,Regular Season,Regular Season
133,2013,11,CD,91,L,NN,95,W,Regular Season,Regular Season
134,2013,11,ML,70,L,OB,134,W,Regular Season,Regular Season
135,2013,12,ML,137,W,RW,128,L,Regular Season,Regular Season
136,2013,12,WF,76,L,OB,80,W,Regular Season,Regular Season
137,2013,12,NN,63,L,CN,73,W,Regular Season,Regular Season
138,2013,12,LB,67,L,DK,96,W,Regular Season,Regular Season
139,2013,12,DG,83,L,CD,90,W,Regular Season,Regular Season
140,2013,13,LB,83,L,DG,106,W,Regular Season,Regular Season
141,2013,13,NN,114,W,RW,93,L,Regular Season,Regular Season
142,2013,13,WF,141,W,CN,125,L,Regular Season,Regular Season
143,2013,13,OB,83,L,CD,92,W,Regular Season,Regular Season
144,2013,13,ML,113,W,DK,95,L,Regular Season,Regular Season
145,2013,14,WF,115,L,CD,138,W,Post Season,Wildcard
146,2013,14,DG,104,L,DK,128,W,Post Season,Wildcard
147,2013,14,OB,94,W,LB,63,L,Post Season,B4 Playoffs
148,2013,14,CN,96,W,NN,79,L,Post Season,B4 Playoffs
149,2013,15,CD,134,W,RW,80,L,Post Season,Semifinal
150,2013,15,DK,162,W,ML,79,L,Post Season,Semifinal
151,2013,15,DG,95,L,WF,105,W,Post Season,Consolation
152,2013,15,OB,73,L,CN,138,W,Post Season,B4 Playoffs
153,2013,15,NN,108,W,LB,72,L,Post Season,B4 Playoffs
154,2013,16,CD,132,W,DK,66,L,Post Season,Championship
155,2013,16,ML,105,W,RW,58,L,Post Season,3rd Place
156,2013,16,DG,110,W,WF,80,L,Post Season,Consolation
157,2013,16,NN,68,L,CN,75,W,Post Season,B4 Playoffs
158,2013,16,OB,100,W,LB,96,L,Post Season,B4 Playoffs
159,2014,1,NN,104,W,LB,81,L,Regular Season,Regular Season
160,2014,1,DG,95,W,OB,47,L,Regular Season,Regular Season
161,2014,1,ML,104,L,CN,116,W,Regular Season,Regular Season
162,2014,1,CD,113,L,RW,122,W,Regular Season,Regular Season
163,2014,1,WF,72,L,DK,87,W,Regular Season,Regular Season
164,2014,2,WF,61,L,LB,81,W,Regular Season,Regular Season
165,2014,2,DG,98,L,RW,106,W,Regular Season,Regular Season
166,2014,2,CN,97,W,OB,73,L,Regular Season,Regular Season
167,2014,2,NN,93,L,ML,100,W,Regular Season,Regular Season
168,2014,2,CD,66,L,DK,96,W,Regular Season,Regular Season
169,2014,3,DG,111,W,CN,77,L,Regular Season,Regular Season
170,2014,3,LB,63,L,DK,102,W,Regular Season,Regular Season
171,2014,3,WF,102,W,OB,93,L,Regular Season,Regular Season
172,2014,3,CD,123,W,ML,86,L,Regular Season,Regular Season
173,2014,3,NN,59,L,RW,83,W,Regular Season,Regular Season
174,2014,4,NN,86,W,WF,69,L,Regular Season,Regular Season
175,2014,4,ML,116,W,LB,80,L,Regular Season,Regular Season
176,2014,4,CD,128,W,OB,91,L,Regular Season,Regular Season
177,2014,4,DK,80,L,DG,109,W,Regular Season,Regular Season
178,2014,4,CN,122,W,RW,89,L,Regular Season,Regular Season
179,2014,5,NN,101,W,OB,84,L,Regular Season,Regular Season
180,2014,5,LB,61,L,DG,78,W,Regular Season,Regular Season
181,2014,5,CN,60,L,CD,130,W,Regular Season,Regular Season
182,2014,5,ML,90,W,DK,75,L,Regular Season,Regular Season
183,2014,5,WF,115,L,RW,148,W,Regular Season,Regular Season
184,2014,6,ML,101,W,DG,88,L,Regular Season,Regular Season
185,2014,6,DK,109,W,NN,107,L,Regular Season,Regular Season
186,2014,6,CD,104,W,LB,97,L,Regular Season,Regular Season
187,2014,6,RW,121,W,OB,46,L,Regular Season,Regular Season
188,2014,6,CN,104,W,WF,97,L,Regular Season,Regular Season
189,2014,7,WF,69,L,DG,97,W,Regular Season,Regular Season
190,2014,7,DK,77,L,RW,106,W,Regular Season,Regular Season
191,2014,7,OB,80,L,ML,93,W,Regular Season,Regular Season
192,2014,7,CD,122,W,NN,76,L,Regular Season,Regular Season
193,2014,7,CN,73,T,LB,73,T,Regular Season,Regular Season
194,2014,8,NN,90,L,DG,124,W,Regular Season,Regular Season
195,2014,8,LB,55,L,OB,131,W,Regular Season,Regular Season
196,2014,8,CN,87,L,DK,89,W,Regular Season,Regular Season
197,2014,8,WF,154,W,CD,121,L,Regular Season,Regular Season
198,2014,8,RW,121,L,ML,122,W,Regular Season,Regular Season
199,2014,9,OB,118,W,DK,112,L,Regular Season,Regular Season
200,2014,9,WF,85,L,ML,109,W,Regular Season,Regular Season
201,2014,9,RW,81,W,LB,72,L,Regular Season,Regular Season
202,2014,9,DG,116,W,CD,93,L,Regular Season,Regular Season
203,2014,9,CN,78,W,NN,38,L,Regular Season,Regular Season
204,2014,10,WF,83,W,DK,71,L,Regular Season,Regular Season
205,2014,10,CN,148,W,DG,83,L,Regular Season,Regular Season
206,2014,10,LB,86,W,NN,82,L,Regular Season,Regular Season
207,2014,10,OB,61,L,RW,152,W,Regular Season,Regular Season
208,2014,10,ML,115,W,CD,106,L,Regular Season,Regular Season
209,2014,11,NN,70,L,ML,87,W,Regular Season,Regular Season
210,2014,11,RW,80,W,DK,71,L,Regular Season,Regular Season
211,2014,11,LB,90,W,WF,74,L,Regular Season,Regular Season
212,2014,11,CN,82,L,CD,128,W,Regular Season,Regular Season
213,2014,11,DG,66,L,OB,113,W,Regular Season,Regular Season
214,2014,12,ML,112,W,DG,72,L,Regular Season,Regular Season
215,2014,12,WF,92,W,NN,64,L,Regular Season,Regular Season
216,2014,12,OB,73,L,CN,105,W,Regular Season,Regular Season
217,2014,12,LB,92,W,RW,86,L,Regular Season,Regular Season
218,2014,12,DK,105,L,CD,156,W,Regular Season,Regular Season
219,2014,13,LB,86,L,DG,134,W,Regular Season,Regular Season
220,2014,13,NN,101,W,RW,97,L,Regular Season,Regular Season
221,2014,13,WF,150,W,CN,114,L,Regular Season,Regular Season
222,2014,13,OB,83,L,CD,139,W,Regular Season,Regular Season
223,2014,13,ML,71,L,DK,126,W,Regular Season,Regular Season
224,2014,14,CN,105,W,DG,104,L,Post Season,Wildcard
225,2014,14,DK,65,L,CD,175,W,Post Season,Wildcard
226,2014,14,OB,89,L,WF,149,W,Post Season,B4 Playoffs
227,2014,14,LB,115,W,NN,87,L,Post Season,B4 Playoffs
228,2014,15,CN,40,L,ML,95,W,Post Season,Semifinal
229,2014,15,CD,100,W,RW,88,L,Post Season,Semifinal
230,2014,15,DK,107,L,DG,119,W,Post Season,Consolation
231,2014,15,LB,66,L,WF,90,W,Post Season,B4 Playoffs
232,2014,15,OB,78,W,NN,72,L,Post Season,B4 Playoffs
233,2014,16,CD,96,W,ML,85,L,Post Season,Championship
234,2014,16,CN,78,L,RW,83,W,Post Season,3rd Place
235,2014,16,DK,80,L,DG,81,W,Post Season,Consolation
236,2014,16,NN,83,L,WF,92,W,Post Season,B4 Playoffs
237,2014,16,OB,77,L,LB,86,W,Post Season,B4 Playoffs
238,2015,1,NN,87.1,W,LB,74.8,L,Regular Season,Regular Season
239,2015,1,DG,123.6,W,OB,84.1,L,Regular Season,Regular Season
240,2015,1,ML,151.7,W,CN,86.9,L,Regular Season,Regular Season
241,2015,1,CD,122.1,W,RW,106.3,L,Regular Season,Regular Season
242,2015,1,WF,93.8,L,DK,109.9,W,Regular Season,Regular Season
243,2015,2,WF,111.6,W,LB,108.8,L,Regular Season,Regular Season
244,2015,2,DG,108.3,L,RW,119.7,W,Regular Season,Regular Season
245,2015,2,CN,88.5,L,OB,104.4,W,Regular Season,Regular Season
246,2015,2,NN,95.4,W,ML,58.7,L,Regular Season,Regular Season
247,2015,2,CD,82,L,DK,100.7,W,Regular Season,Regular Season
248,2015,3,DG,126.6,W,CN,84.3,L,Regular Season,Regular Season
249,2015,3,LB,92,L,DK,154.5,W,Regular Season,Regular Season
250,2015,3,WF,89.5,L,OB,153.5,W,Regular Season,Regular Season
251,2015,3,CD,108.3,W,ML,81.3,L,Regular Season,Regular Season
252,2015,3,NN,139.7,W,RW,82.2,L,Regular Season,Regular Season
253,2015,4,NN,68.8,L,WF,85,W,Regular Season,Regular Season
254,2015,4,ML,108.9,W,LB,71.8,L,Regular Season,Regular Season
255,2015,4,CD,113,W,OB,90.8,L,Regular Season,Regular Season
256,2015,4,DK,90.5,W,DG,66.7,L,Regular Season,Regular Season
257,2015,4,CN,87.3,L,RW,89.4,W,Regular Season,Regular Season
258,2015,5,NN,111,L,OB,121,W,Regular Season,Regular Season
259,2015,5,LB,78.2,L,DG,130.8,W,Regular Season,Regular Season
260,2015,5,CN,97.2,L,CD,133.7,W,Regular Season,Regular Season
261,2015,5,ML,91.5,L,DK,114.6,W,Regular Season,Regular Season
262,2015,5,WF,95.8,W,RW,62.9,L,Regular Season,Regular Season
263,2015,6,ML,121.6,W,DG,90.3,L,Regular Season,Regular Season
264,2015,6,DK,135.6,L,NN,143.3,W,Regular Season,Regular Season
265,2015,6,CD,102.5,L,LB,131.6,W,Regular Season,Regular Season
266,2015,6,RW,76.4,L,OB,97,W,Regular Season,Regular Season
267,2015,6,CN,108.6,W,WF,78.2,L,Regular Season,Regular Season
268,2015,7,WF,69.9,L,DG,77.6,W,Regular Season,Regular Season
269,2015,7,DK,111.1,W,RW,83.4,L,Regular Season,Regular Season
270,2015,7,OB,92.1,L,ML,120.1,W,Regular Season,Regular Season
271,2015,7,CD,136.1,L,NN,138.6,W,Regular Season,Regular Season
272,2015,7,CN,91.6,L,LB,130.4,W,Regular Season,Regular Season
273,2015,8,NN,76.7,L,DG,150.6,W,Regular Season,Regular Season
274,2015,8,LB,99.7,L,OB,106.6,W,Regular Season,Regular Season
275,2015,8,CN,87.4,L,DK,113.6,W,Regular Season,Regular Season
276,2015,8,WF,93.6,W,CD,92.7,L,Regular Season,Regular Season
277,2015,8,RW,101.2,L,ML,111.8,W,Regular Season,Regular Season
278,2015,9,OB,99.2,W,DK,93.4,L,Regular Season,Regular Season
279,2015,9,WF,114.5,W,ML,85.2,L,Regular Season,Regular Season
280,2015,9,RW,147,W,LB,129.4,L,Regular Season,Regular Season
281,2015,9,DG,106.6,W,CD,105.6,L,Regular Season,Regular Season
282,2015,9,CN,83.7,L,NN,124.1,W,Regular Season,Regular Season
283,2015,10,WF,70,L,OB,124.2,W,Regular Season,Regular Season
284,2015,10,LB,100.8,L,DK,102.8,W,Regular Season,Regular Season
285,2015,10,CN,76.3,L,NN,92.4,W,Regular Season,Regular Season
286,2015,10,DG,92,L,CD,121.9,W,Regular Season,Regular Season
287,2015,10,ML,80.9,L,RW,84.9,W,Regular Season,Regular Season
288,2015,11,CN,80.7,W,ML,74.1,L,Regular Season,Regular Season
289,2015,11,RW,78.3,W,CD,77.2,L,Regular Season,Regular Season
290,2015,11,DG,71.5,L,WF,84.2,W,Regular Season,Regular Season
291,2015,11,NN,89.9,W,DK,62.3,L,Regular Season,Regular Season
292,2015,11,LB,112.1,L,OB,123.2,W,Regular Season,Regular Season
293,2015,12,RW,61.2,L,DG,141.4,W,Regular Season,Regular Season
294,2015,12,OB,150.8,W,NN,93.2,L,Regular Season,Regular Season
295,2015,12,LB,128.4,W,CD,80.7,L,Regular Season,Regular Season
296,2015,12,WF,69.7,L,ML,104.5,W,Regular Season,Regular Season
297,2015,12,DK,80,L,CN,91.2,W,Regular Season,Regular Season
298,2015,13,LB,126,W,DG,95.2,L,Regular Season,Regular Season
299,2015,13,NN,166.7,W,RW,135.9,L,Regular Season,Regular Season
300,2015,13,WF,82,W,CN,71.1,L,Regular Season,Regular Season
301,2015,13,OB,137.6,W,CD,128.5,L,Regular Season,Regular Season
302,2015,13,ML,100,L,DK,105.1,W,Regular Season,Regular Season
303,2015,14,WF,91.3,L,DG,111.7,W,Post Season,Wildcard
304,2015,14,ML,68.2,W,DK,59.5,L,Post Season,Wildcard
305,2015,14,CN,82.2,L,CD,126.3,W,Post Season,B4 Playoffs
306,2015,14,RW,71,L,LB,116.3,W,Post Season,B4 Playoffs
307,2015,15,DG,128.7,L,OB,132.5,W,Post Season,Semifinal
308,2015,15,ML,115.1,W,NN,99,L,Post Season,Semifinal
309,2015,15,WF,120.3,L,DK,124.2,W,Post Season,Consolation
310,2015,15,LB,80.6,L,CD,120.2,W,Post Season,B4 Playoffs
311,2015,15,CN,91.1,L,RW,149.3,W,Post Season,B4 Playoffs
312,2015,16,ML,111.9,W,OB,101.1,L,Post Season,Championship
313,2015,16,DG,162.2,W,NN,88.2,L,Post Season,3rd Place
314,2015,16,WF,70.4,L,DK,91.5,W,Post Season,Consolation
315,2015,16,RW,102.6,L,CD,112.5,W,Post Season,B4 Playoffs
316,2015,16,CN,76.3,L,LB,95.7,W,Post Season,B4 Playoffs
317,2016,1,NN,107.7,L,LB,121.9,W,Regular Season,Regular Season
318,2016,1,DG,134.7,W,OB,86.1,L,Regular Season,Regular Season
319,2016,1,ML,124.7,W,CN,118.2,L,Regular Season,Regular Season
320,2016,1,CD,102.1,W,RW,94.2,L,Regular Season,Regular Season
321,2016,1,WF,101,L,DK,127.3,W,Regular Season,Regular Season
322,2016,2,WF,92.6,L,LB,122.7,W,Regular Season,Regular Season
323,2016,2,DG,130.5,W,RW,66.2,L,Regular Season,Regular Season
324,2016,2,CN,123.2,W,OB,100.6,L,Regular Season,Regular Season
325,2016,2,NN,87,L,ML,115.4,W,Regular Season,Regular Season
326,2016,2,CD,88.5,L,DK,95.2,W,Regular Season,Regular Season
327,2016,3,DG,121.8,W,CN,80.8,L,Regular Season,Regular Season
328,2016,3,LB,114.1,W,DK,77.7,L,Regular Season,Regular Season
329,2016,3,WF,115.1,L,OB,135.6,W,Regular Season,Regular Season
330,2016,3,CD,147.8,W,ML,62.5,L,Regular Season,Regular Season
331,2016,3,NN,95.7,L,RW,124.8,W,Regular Season,Regular Season
332,2016,4,NN,71.4,L,WF,95,W,Regular Season,Regular Season
333,2016,4,ML,106.8,W,LB,73.5,L,Regular Season,Regular Season
334,2016,4,CD,68.6,L,OB,119.1,W,Regular Season,Regular Season
335,2016,4,DK,128.3,W,DG,90.9,L,Regular Season,Regular Season
336,2016,4,CN,88.4,L,RW,98.3,W,Regular Season,Regular Season
337,2016,5,NN,123.5,L,OB,125.2,W,Regular Season,Regular Season
338,2016,5,LB,95.9,L,DG,129,W,Regular Season,Regular Season
339,2016,5,CN,81.5,L,CD,119.6,W,Regular Season,Regular Season
340,2016,5,ML,84.2,L,DK,90,W,Regular Season,Regular Season
341,2016,5,WF,95.5,L,RW,105,W,Regular Season,Regular Season
342,2016,6,ML,91.9,L,DG,134.9,W,Regular Season,Regular Season
343,2016,6,DK,71.1,L,NN,88.6,W,Regular Season,Regular Season
344,2016,6,CD,77.1,L,LB,117.3,W,Regular Season,Regular Season
345,2016,6,RW,87.3,L,OB,111,W,Regular Season,Regular Season
346,2016,6,CN,87.8,W,WF,79.2,L,Regular Season,Regular Season
347,2016,7,WF,89.1,W,DG,82.6,L,Regular Season,Regular Season
348,2016,7,DK,134.9,W,RW,92.6,L,Regular Season,Regular Season
349,2016,7,OB,107.1,W,ML,92.2,L,Regular Season,Regular Season
350,2016,7,CD,118.8,W,NN,118.4,L,Regular Season,Regular Season
351,2016,7,CN,93.5,L,LB,97,W,Regular Season,Regular Season
352,2016,8,NN,116.2,W,DG,100,L,Regular Season,Regular Season
353,2016,8,LB,130,W,OB,117.3,L,Regular Season,Regular Season
354,2016,8,CN,72.3,W,DK,68.9,L,Regular Season,Regular Season
355,2016,8,WF,110.4,W,CD,93.3,L,Regular Season,Regular Season
356,2016,8,RW,107,W,ML,84.7,L,Regular Season,Regular Season
357,2016,9,OB,122.2,L,DK,133.3,W,Regular Season,Regular Season
358,2016,9,WF,82.1,L,ML,98.9,W,Regular Season,Regular Season
359,2016,9,RW,58,L,LB,135.3,W,Regular Season,Regular Season
360,2016,9,DG,78.5,L,CD,108.8,W,Regular Season,Regular Season
361,2016,9,CN,84,L,NN,120.8,W,Regular Season,Regular Season
362,2016,10,WF,76.8,L,OB,154.7,W,Regular Season,Regular Season
363,2016,10,LB,78.1,L,DK,86.6,W,Regular Season,Regular Season
364,2016,10,CN,152.9,W,NN,84.2,L,Regular Season,Regular Season
365,2016,10,DG,105.4,L,CD,107.1,W,Regular Season,Regular Season
366,2016,10,ML,108.1,W,RW,71.3,L,Regular Season,Regular Season
367,2016,11,CN,64,L,ML,90.3,W,Regular Season,Regular Season
368,2016,11,RW,101.7,W,CD,101.2,L,Regular Season,Regular Season
369,2016,11,DG,122.2,W,WF,69.8,L,Regular Season,Regular Season
370,2016,11,NN,69.4,L,DK,96.1,W,Regular Season,Regular Season
371,2016,11,LB,78.1,L,OB,140.8,W,Regular Season,Regular Season
372,2016,12,RW,79,L,DG,112.9,W,Regular Season,Regular Season
373,2016,12,OB,77.5,L,NN,117.1,W,Regular Season,Regular Season
374,2016,12,LB,120.4,W,CD,94,L,Regular Season,Regular Season
375,2016,12,WF,114.5,W,ML,62.5,L,Regular Season,Regular Season
376,2016,12,DK,119.8,L,CN,122.6,W,Regular Season,Regular Season
377,2016,13,LB,86.2,L,DG,92.4,W,Regular Season,Regular Season
378,2016,13,NN,111.5,W,RW,80.2,L,Regular Season,Regular Season
379,2016,13,WF,85,W,CN,82.6,L,Regular Season,Regular Season
380,2016,13,OB,110.6,L,CD,132.7,W,Regular Season,Regular Season
381,2016,13,ML,114.6,W,DK,109.3,L,Regular Season,Regular Season
382,2016,14,CD,105.8,L,OB,113.1,W,Post Season,Wildcard
383,2016,14,ML,77.8,W,DK,68.1,L,Post Season,Wildcard
384,2016,14,CN,76.1,W,NN,69,L,Post Season,B4 Playoffs
385,2016,14,RW,73.9,L,WF,84.9,W,Post Season,B4 Playoffs
386,2016,15,OB,129.4,W,DG,112.6,L,Post Season,Semifinal
387,2016,15,ML,76.8,L,LB,116.3,W,Post Season,Semifinal
388,2016,15,CD,81.1,L,DK,90.6,W,Post Season,Consolation
389,2016,15,WF,66.6,L,CN,104.6,W,Post Season,B4 Playoffs
390,2016,15,RW,78.8,L,NN,142.8,W,Post Season,B4 Playoffs
391,2016,16,OB,116.7,L,LB,119.2,W,Post Season,Championship
392,2016,16,ML,102.8,L,DG,105.4,W,Post Season,3rd Place
393,2016,16,CD,120.2,W,DK,103.6,L,Post Season,Consolation
394,2016,16,WF,71.6,L,NN,98.5,W,Post Season,B4 Playoffs
395,2016,16,RW,58.2,L,CN,91.9,W,Post Season,B4 Playoffs
396,2017,1,NN,88.3,L,LB,89.1,W,Regular Season,Regular Season
397,2017,1,DG,86.6,L,OB,116.8,W,Regular Season,Regular Season
398,2017,1,ML,91.9,W,CN,77.6,L,Regular Season,Regular Season
399,2017,1,CD,88.5,W,RW,65.3,L,Regular Season,Regular Season
400,2017,1,WF,74.9,L,DK,103.7,W,Regular Season,Regular Season
401,2017,2,WF,114.8,W,LB,57.7,L,Regular Season,Regular Season
402,2017,2,DG,100.8,L,RW,111.1,W,Regular Season,Regular Season
403,2017,2,CN,72.3,L,OB,109.6,W,Regular Season,Regular Season
404,2017,2,NN,100.2,W,ML,74.9,L,Regular Season,Regular Season
405,2017,2,CD,131.8,W,DK,94.8,L,Regular Season,Regular Season
406,2017,3,DG,125.1,W,CN,104.4,L,Regular Season,Regular Season
407,2017,3,LB,99.3,W,DK,76.7,L,Regular Season,Regular Season
408,2017,3,WF,70,L,OB,114.5,W,Regular Season,Regular Season
409,2017,3,CD,88.5,L,ML,128.9,W,Regular Season,Regular Season
410,2017,3,NN,78.9,L,RW,91.4,W,Regular Season,Regular Season
411,2017,4,NN,103.2,W,WF,82.1,L,Regular Season,Regular Season
412,2017,4,ML,95.6,W,LB,92.3,L,Regular Season,Regular Season
413,2017,4,CD,127.7,W,OB,100.6,L,Regular Season,Regular Season
414,2017,4,DK,31.7,L,DG,108.1,W,Regular Season,Regular Season
415,2017,4,CN,124.2,W,RW,80.4,L,Regular Season,Regular Season
416,2017,5,NN,97.1,L,OB,100.4,W,Regular Season,Regular Season
417,2017,5,LB,94.5,L,DG,94.6,W,Regular Season,Regular Season
418,2017,5,CN,104.7,L,CD,123.7,W,Regular Season,Regular Season
419,2017,5,ML,83.9,W,DK,58,L,Regular Season,Regular Season
420,2017,5,WF,63.6,W,RW,57.6,L,Regular Season,Regular Season
421,2017,6,ML,97.4,L,DG,125,W,Regular Season,Regular Season
422,2017,6,DK,86.1,L,NN,89.6,W,Regular Season,Regular Season
423,2017,6,CD,71,L,LB,98.5,W,Regular Season,Regular Season
424,2017,6,RW,80.7,L,OB,115.4,W,Regular Season,Regular Season
425,2017,6,CN,69.4,L,WF,121.2,W,Regular Season,Regular Season
426,2017,7,WF,103.5,W,DG,94.9,L,Regular Season,Regular Season
427,2017,7,DK,73.4,L,RW,99.2,W,Regular Season,Regular Season
428,2017,7,OB,73.5,L,ML,94.2,W,Regular Season,Regular Season
429,2017,7,CD,118.4,W,NN,95.4,L,Regular Season,Regular Season
430,2017,7,CN,106.8,W,LB,80.1,L,Regular Season,Regular Season
431,2017,8,NN,101.3,L,DG,105.6,W,Regular Season,Regular Season
432,2017,8,LB,95.1,L,OB,113.2,W,Regular Season,Regular Season
433,2017,8,CN,86.9,W,DK,64,L,Regular Season,Regular Season
434,2017,8,WF,88.7,L,CD,91.7,W,Regular Season,Regular Season
435,2017,8,RW,111.6,W,ML,111.4,L,Regular Season,Regular Season
436,2017,9,OB,98.3,W,DK,81.7,L,Regular Season,Regular Season
437,2017,9,WF,91.7,W,ML,76.4,L,Regular Season,Regular Season
438,2017,9,RW,102.8,W,LB,85.8,L,Regular Season,Regular Season
439,2017,9,DG,99.3,W,CD,83.9,L,Regular Season,Regular Season
440,2017,9,CN,119.1,W,NN,79.2,L,Regular Season,Regular Season
441,2017,10,WF,84.2,W,OB,59.2,L,Regular Season,Regular Season
442,2017,10,RW,100.6,L,DK,101.7,W,Regular Season,Regular Season
443,2017,10,CN,145,W,LB,93.6,L,Regular Season,Regular Season
444,2017,10,DG,109.4,L,NN,114,W,Regular Season,Regular Season
445,2017,10,ML,101.8,W,CD,97.6,L,Regular Season,Regular Season
446,2017,11,CN,125.7,W,DG,108.6,L,Regular Season,Regular Season
447,2017,11,RW,116.6,W,OB,104,L,Regular Season,Regular Season
448,2017,11,ML,90.6,W,LB,86.8,L,Regular Season,Regular Season
449,2017,11,NN,126.5,W,WF,62.2,L,Regular Season,Regular Season
450,2017,11,DK,93.2,L,CD,118.6,W,Regular Season,Regular Season
451,2017,12,RW,105.3,L,CN,148.9,W,Regular Season,Regular Season
452,2017,12,WF,112.3,W,CD,92.7,L,Regular Season,Regular Season
453,2017,12,LB,79.8,L,NN,98.7,W,Regular Season,Regular Season
454,2017,12,OB,108.7,W,DK,87.8,L,Regular Season,Regular Season
455,2017,12,ML,121.8,W,DG,81.1,L,Regular Season,Regular Season
456,2017,13,LB,64.1,L,DG,94.8,W,Regular Season,Regular Season
457,2017,13,NN,128.6,W,RW,84.5,L,Regular Season,Regular Season
458,2017,13,WF,135,L,CN,152.6,W,Regular Season,Regular Season
459,2017,13,OB,80.8,L,CD,84.1,W,Regular Season,Regular Season
460,2017,13,ML,106.6,W,DK,55.8,L,Regular Season,Regular Season
461,2017,14,DG,96.1,L,OB,109.6,W,Post Season,Wildcard
462,2017,14,NN,80.8,L,CD,141.2,W,Post Season,Wildcard
463,2017,14,RW,118,W,WF,100.5,L,Post Season,B4 Playoffs
464,2017,14,DK,79.9,L,LB,113.7,W,Post Season,B4 Playoffs
465,2017,15,OB,181.5,W,ML,84.2,L,Post Season,Semifinal
466,2017,15,CD,133.8,W,CN,74.8,L,Post Season,Semifinal
467,2017,15,NN,105,W,DG,99.5,L,Post Season,Consolation
468,2017,15,LB,107.2,W,RW,46.9,L,Post Season,B4 Playoffs
469,2017,15,DK,66.5,L,WF,117.9,W,Post Season,B4 Playoffs
470,2017,16,OB,99.2,L,CD,130.6,W,Post Season,Championship
471,2017,16,CN,51.3,L,ML,119.5,W,Post Season,3rd Place
472,2017,16,NN,104.5,W,DG,78.6,L,Post Season,Consolation
473,2017,16,LB,73.4,W,WF,53.9,L,Post Season,B4 Playoffs
474,2017,16,DK,83.5,L,RW,87.7,W,Post Season,B4 Playoffs
